,image_names,labels
0,532.jpg,Joey
1,372.jpg,Joey
2,602.jpg,Joey
3,462.jpg,Joey
4,192.jpg,Joey
5,kkk2.jpg,Joey
6,352.jpg,Joey
7,56f7ec491e988f940824e90f8412313e2.jpg,Joey
8,12.jpg,Joey
9,262.jpg,Joey
10,442.jpg,Joey
11,222.jpg,Joey
12,162.jpg,Joey
13,original2.jpg,Joey
14,492.jpg,Joey
15,eabd5e681c328bca855cc69dfac9a9e02.jpg,Joey
16,3739d5bc772ee1ea8c063d04706350f82.jpg,Joey
17,sub-buzz-28282-1547052703-22.jpg,Joey
18,5800.jpg,Joey
19,575.jpg,Rachel
20,235.jpg,Rachel
21,625.jpg,Rachel
22,265.jpg,Rachel
23,675.jpg,Rachel
24,295.jpg,Rachel
25,405.jpg,Rachel
26,115.jpg,Rachel
27,415.jpg,Rachel
28,225.jpg,Rachel
29,105.jpg,Rachel
30,75.jpg,Rachel
31,800.jpg,Rachel
32,5600.jpg,Rachel
33,315.jpg,Rachel
34,145.jpg,Rachel
35,375.jpg,Rachel
36,CZhi3yBWIAAdmzA4.jpg,Phoebe
37,154.jpg,Phoebe
38,98ad1a1616622a6efe32ef88e89563bd4.jpg,Phoebe
39,214.jpg,Phoebe
40,buffe-1-small4.jpg,Phoebe
41,54.jpg,Phoebe
42,94.jpg,Phoebe
43,1500.jpg,Phoebe
44,294.jpg,Phoebe
45,4e30169f9135833004a8b6ffc0c10ed44.jpg,Phoebe
46,114.jpg,Phoebe
47,fgsg4.jpg,Phoebe
48,164.jpg,Phoebe
49,sda4.jpg,Phoebe
50,14.jpg,Phoebe
51,184.jpg,Phoebe
52,304.jpg,Phoebe
53,360420_original4.jpg,Phoebe
54,274.jpg,Phoebe
55,413.jpg,Monica
56,283.jpg,Monica
57,13.jpg,Monica
58,3400.jpg,Monica
59,323.jpg,Monica
60,163.jpg,Monica
61,373.jpg,Monica
62,493.jpg,Monica
63,43.jpg,Monica
64,133.jpg,Monica
65,143.jpg,Monica
66,203.jpg,Monica
67,73.jpg,Monica
68,103.jpg,Monica
69,23.jpg,Monica
70,173.jpg,Monica
71,496.jpg,Ross
72,5100.jpg,Ross
73,226.jpg,Ross
74,386.jpg,Ross
75,56.jpg,Ross
76,356.jpg,Ross
77,256.jpg,Ross
78,346.jpg,Ross
79,486.jpg,Ross
80,266.jpg,Ross
81,146.jpg,Ross
82,1006.jpg,Ross
83,116.jpg,Ross
84,206.jpg,Ross
85,456.jpg,Ross
86,166.jpg,Ross
87,286.jpg,Ross
88,200.jpg,Chandler
89,l1.jpg,Chandler
90,Chandler-Bing-Wallpaper-Iphone-aoe-Fitrinis-Wallpaper1.jpg,Chandler
91,51.jpg,Chandler
92,161.jpg,Chandler
93,83a06a0f5156dfeb6e560a05d4c0bd931.jpg,Chandler
94,daf645aa4546ed61418d36c1ac0f75e41.jpg,Chandler
95,original1.jpg,Chandler
96,371.jpg,Chandler
97,19a8ec5f3fd28850bb2acfa106c0f1b61.jpg,Chandler
98,126487342-Chandler-Bing-Lines-From-Friends-GIFs1.jpg,Chandler
99,401.jpg,Chandler
100,351.jpg,Chandler
101,2a305844cb932d6d9b57722d1272efe41.jpg,Chandler
102,51ddf43f2a84ef30b3975b9c06b2837a1.jpg,Chandler
103,231.jpg,Chandler
